#
# ATTENTION - Changes made to this file not in GitHub will be over written!
#
# Redirects should be scoped to this path and be added in alphebetical order.
#
redirects:
- from: /web/fundamentals/accessibility/a11y-for-teams
  to: https://web.dev/a11y-for-teams/

- from: /web/fundamentals/accessibility/accessible-styles
  to: https://web.dev/accessible/#create-a-design-and-css-that-supports-users-with-different-needs

- from: /web/fundamentals/accessibility/focus
  to: https://web.dev/focus/

- from: /web/fundamentals/accessibility/focus/dom-order-matters
  to: https://web.dev/dom-order-matters/

- from: /web/fundamentals/accessibility/focus/using-tabindex
  to: https://web.dev/using-tabindex/

- from: /web/fundamentals/accessibility/how-to-review
  to: https://web.dev/how-to-review/

- from: /web/fundamentals/accessibility/semantics-aria
  to: https://web.dev/semantics-aria/

- from: /web/fundamentals/accessibility/semantics-aria/aria-labels-and-relationships
  to: https://web.dev/aria-labels-and-relationships/

- from: /web/fundamentals/accessibility/semantics-aria/hiding-and-updating-content
  to: https://web.dev/fast/hiding-and-updating-content

- from: /web/fundamentals/accessibility/semantics-builtin
  to: https://web.dev/semantics-builtin/

- from: /web/fundamentals/accessibility/semantics-builtin/navigating-content
  to: https://web.dev/navigating-content/

- from: /web/fundamentals/accessibility/semantics-builtin/text-alternatives-for-images
  to: https://web.dev/text-alternatives-for-images/

- from: /web/fundamentals/accessibility/semantics-builtin/the-accessibility-tree
  to: https://web.dev/the-accessibility-tree/

- from: /web/fundamentals/accessibility/...
  to: https://web.dev/accessibility/

- from: /web/fundamentals/app-install-banners/
  to: https://web.dev/customize-install/

- from: /web/fundamentals/app-install-banners/native
  to: https://developer.chrome.com/blog/app-install-banners-native/

- from: /web/fundamentals/app-install-banners/promoting-install-mobile
  to: https://web.dev/promote-install/

- from: /web/fundamentals/architecture/
  to:  https://web.dev/learn/pwa/architecture/

- from: /web/fundamentals/architecture/app-shell
  to:  https://web.dev/learn/pwa/architecture/

- from: /web/fundamentals/architecture/building-components/...
  to: https://web.dev/web-components/

- from: /web/fundamentals/codelabs/push-notifications
  to: https://codelabs.developers.google.com/codelabs/push-notifications

- from: /web/fundamentals/codelabs/offline
  to: https://developers.google.com/codelabs/pwa-training/pwa03--going-offline

- from: /web/fundamentals/codelabs/web-serial
  to: https://codelabs.developers.google.com/codelabs/web-serial/

- from: /web/fundamentals/codelabs/your-first-pwapp
  to: https://codelabs.developers.google.com/codelabs/your-first-pwapp/

- from: /web/fundamentals/codelabs/...
  to: https://codelabs.developers.google.com/?category=web

- from: /web/fundamentals/design-and-ui/
  to: https://web.dev/learn/design/

- from: /web/fundamentals/design-and-ui/...
  to: https://web.dev/learn/design/

- from: /web/fundamentals/design-and-ux/animations
  to: https://web.dev/animations/

- from: /web/fundamentals/design-and-ux/animations/animating-between-views
  to: https://web.dev/animating-between-views/

- from: /web/fundamentals/design-and-ux/animations/animating-modal-views
  to: https://web.dev/animating-modal-views/

- from: /web/fundamentals/design-and-ux/animations/animations-and-performance
  to: https://web.dev/animations-and-performance/

- from: /web/fundamentals/design-and-ux/animations/asymmetric-animation-timing
  to: https://web.dev/asymmetric-animation-timing/

- from: /web/fundamentals/design-and-ux/animations/choosing-the-right-easing
  to: https://web.dev/choosing-the-right-easing/

- from: /web/fundamentals/design-and-ux/animations/css-vs-javascript
  to: https://web.dev/css-vs-javascript/

- from: /web/fundamentals/design-and-ux/animations/custom-easing
  to: https://web.dev/custom-easing/

- from: /web/fundamentals/design-and-ux/animations/the-basics-of-easing
  to: https://web.dev/the-basics-of-easing/

- from: /web/fundamentals/design-and-ux/animations/...
  to: https://web.dev/animations/

- from: /web/fundamentals/design-and-ux/browser-customization
  to: https://web.dev/icons-and-browser-colors/

- from: /web/fundamentals/design-and-ux/input/forms/...
  to: https://web.dev/learn/forms/

- from: /web/fundamentals/design-and-ux/input/touch/...
  to: https://web.dev/add-touch-to-your-site/

- from: /web/fundamentals/design-and-ux/media/images
  to: https://web.dev/responsive-images/

# Note: this content wasn't migrated and probably should have been?
- from: /web/fundamentals/design-and-ux/principles
  to: https://web.dev/ux-basics/

- from: /web/fundamentals/design-and-ux/responsive
  to: https://web.dev/responsive-web-design-basics/

- from: /web/fundamentals/design-and-ux/responsive/content
  to: https://web.dev/multi-device-content/

- from: /web/fundamentals/design-and-ux/responsive/fundamentals/use-media-queries
  to: https://web.dev/responsive-web-design-basics/

- from: /web/fundamentals/design-and-ux/responsive/images
  to: https://web.dev/responsive-images/

- from: /web/fundamentals/design-and-ux/responsive/patterns
  to: https://web.dev/learn/design

- from: /web/fundamentals/design-and-ux/typography/variable-fonts
  to: https://web.dev/variable-fonts/

- from: /web/fundamentals/design-and-ux/ux-basics
  to: https://web.dev/ux-basics/

- from: /web/fundamentals/discovery-and-distribution/avoid-mixed-content/...
  to: https://web.dev/what-is-mixed-content/

- from: /web/fundamentals/discovery-and-distribution/security-with-https/
  to: https://web.dev/why-https-matters/

- from: /web/fundamentals/discovery-and-monetization/payment-request/...
  to: https://web.dev/payments/

- from: /web/fundamentals/discovery/search-optimization
  to: https://web.dev/lighthouse-seo/

- from: /web/fundamentals/discovery/social-discovery
  to: https://web.dev/social-discovery/

- from: /web/fundamentals/engage-and-retain/app-install-banners/...
  to: https://web.dev/customize-install/

- from: /web/fundamentals/engage-and-retain/push-notifications/...
  to: https://web.dev/notifications/

- from: /web/fundamentals/engage-and-retain/web-app-manifest/...
  to: https://web.dev/add-manifest/

- from: /web/fundamentals/getting-started/codelabs/...
  to: https://codelabs.developers.google.com/?category=web

- from: /web/fundamentals/getting-started/primers/customelements
  to: https://web.dev/custom-elements-v1/

- from: /web/fundamentals/getting-started/primers/service-workers
  to: https://developer.mozilla.org/en-US/docs/Web/API/Service_Worker_API

# Note: this content wasn't migrated and probably should have been?
- from: /web/fundamentals/getting-started/principles/...
  to: https://web.dev/ux-basics/

- from: /web/fundamentals/input/form/...
  to: https://web.dev/learn/forms/

- from: /web/fundamentals/instant-and-offline/
  to: https://web.dev/reliable/

- from: /web/fundamentals/instant-and-offline/offline-cookbook
  to: https://web.dev/offline-cookbook/

- from: /web/fundamentals/instant-and-offline/offline-ux
  to: https://web.dev/offline-ux-considerations/

- from: /web/fundamentals/instant-and-offline/service-worker/lifecycle
  to: https://web.dev/service-worker-lifecycle/

- from: /web/fundamentals/instant-and-offline/service-worker/registration
  to: https://web.dev/service-workers-registration/

- from: /web/fundamentals/instant-and-offline/web-storage
  to: https://web.dev/storage-for-the-web/

- from: /web/fundamentals/instant-and-offline/web-storage/cache-api
  to: https://web.dev/cache-api-quick-guide/

- from: /web/fundamentals/instant-and-offline/web-storage/indexeddb-best-practices
  to: https://web.dev/indexeddb-best-practices/

- from: /web/fundamentals/instant-and-offline/web-storage/offline-for-pwa
  to: https://web.dev/storage-for-the-web/

- from: /web/fundamentals/integration/webapks
  to: https://web.dev/webapks/

- from: /web/fundamentals/layouts/...
  to: https://web.dev/responsive-web-design-basics/

- from: /web/fundamentals/media/
  to: https://web.dev/video-and-source-tags/

- from: /web/fundamentals/media/capturing-images
  to: https://web.dev/media-capturing-images/

- from: /web/fundamentals/media/eme
  to: https://web.dev/media-eme/

- from: /web/fundamentals/media/fast-playback-with-video-preload
  to: https://web.dev/fast-playback-with-preload/

- from: /web/fundamentals/media/images/...
  to: https://web.dev/responsive-images/

- from: /web/fundamentals/media/manipulating/applications
  to: https://web.dev/media-application-basics/

- from: /web/fundamentals/media/manipulating/cheatsheet
  to: https://web.dev/media-cheat-sheet/

- from: /web/fundamentals/media/manipulating/files
  to: https://web.dev/media/#prepare-media-files-for-the-web

- from: /web/fundamentals/media/manipulating/live-effects
  to: https://web.dev/media-manipulating-live-effects/

- from: /web/fundamentals/media/mobile-web-video-playback
  to: https://web.dev/media-mobile-web-video-playback/

- from: /web/fundamentals/media/mse/
  to: https://web.dev/media-mse-basics/

- from: /web/fundamentals/media/mse/basics
  to: https://web.dev/media-mse-basics/

- from: /web/fundamentals/media/mse/seamless-playback
  to: https://web.dev/media-mse-seamless-playback/

- from: /web/fundamentals/media/recording-audio
  to: https://web.dev/media-recording-audio/

- from: /web/fundamentals/media/recording-video
  to: https://web.dev/media-recording-video/

- from: /web/fundamentals/media/video
  to: https://web.dev/video-and-source-tags/

- from: /web/fundamentals/native-hardware/build-for-webusb
  to: https://web.dev/build-for-webusb/

- from: /web/fundamentals/native-hardware/capturing-images/
  to: https://web.dev/media-capturing-images/

- from: /web/fundamentals/native-hardware/click-to-call
  to: https://web.dev/native-hardware-click-to-call/

- from: /web/fundamentals/native-hardware/device-orientation
  to: https://web.dev/native-hardware-device-orientation/

- from: /web/fundamentals/native-hardware/fullscreen
  to: https://web.dev/native-hardware-fullscreen/

- from: /web/fundamentals/native-hardware/recording-audio/
  to: https://web.dev/media-recording-audio/

- from: /web/fundamentals/native-hardware/user-location
  to: https://web.dev/native-hardware-user-location/

- from: /web/fundamentals/payments/
  to: https://web.dev/payments/

- from: /web/fundamentals/payments/android-pay
  to: https://web.dev/android-payment-apps-developers-guide/

- from: /web/fundamentals/payments/basics/how-payment-ecosystem-works
  to: https://web.dev/how-payment-ecosystem-works/

- from: /web/fundamentals/payments/basics/how-payment-request-api-works
  to: https://web.dev/how-payment-request-api-works/

- from: /web/fundamentals/payments/basics/payment-method-basics
  to: https://web.dev/setting-up-a-payment-method/

- from: /web/fundamentals/payments/deep-dive-into-payment-request
  to: https://web.dev/how-payment-request-api-works/

- from: /web/fundamentals/payments/merchant-guide/deep-dive-into-payment-request
  to: https://web.dev/how-payment-request-api-works/

- from: /web/fundamentals/payments/merchant-guide/payment-request-ux-considerations
  to: https://web.dev/payments/

- from: /web/fundamentals/payments/payment-apps-developer-guide/android-payment-apps
  to: https://web.dev/android-payment-apps-developers-guide/

- from: /web/fundamentals/payments/payment-apps-developer-guide/web-payment-apps
  to: https://web.dev/web-based-payment-apps-overview/

- from: /web/fundamentals/payments/payment-request-ux-considerations
  to: https://web.dev/payments/

- from: /web/fundamentals/performance/
  to: https://web.dev/why-speed-matters/

- from: /web/fundamentals/performance/audit
  to: https://web.dev/performance-audit/

- from: /web/fundamentals/performance/audit/next
  to: https://web.dev/performance-audit-next/

- from: /web/fundamentals/performance/audit/prework
  to: https://web.dev/performance-audit-prework/

- from: /web/fundamentals/performance/audit/security
  to: https://web.dev/performance-audit-security/

- from: /web/fundamentals/performance/audit/share
  to: https://web.dev/performance-audit-share/

- from: /web/fundamentals/performance/audit/tools
  to: https://web.dev/performance-audit-tools/

- from: /web/fundamentals/performance/critical-rendering-path
  to: https://web.dev/critical-rendering-path/

- from: /web/fundamentals/performance/critical-rendering-path/adding-interactivity-with-javascript
  to: https://web.dev/critical-rendering-path-adding-interactivity-with-javascript/

- from: /web/fundamentals/performance/critical-rendering-path/analyzing-crp
  to: https://web.dev/critical-rendering-path-analyzing-crp/

- from: /web/fundamentals/performance/critical-rendering-path/constructing-the-object-model
  to: https://web.dev/critical-rendering-path-constructing-the-object-model/

- from: /web/fundamentals/performance/critical-rendering-path/measure-crp
  to: https://web.dev/critical-rendering-path-measure-crp/

- from: /web/fundamentals/performance/critical-rendering-path/optimizing-critical-rendering-path
  to: https://web.dev/critical-rendering-path-optimizing-critical-rendering-path/

- from: /web/fundamentals/performance/critical-rendering-path/page-speed-rules-and-recommendations
  to: https://web.dev/critical-rendering-path-page-speed-rules-and-recommendations/

- from: /web/fundamentals/performance/critical-rendering-path/render-blocking-css
  to: https://web.dev/critical-rendering-path-render-blocking-css/

- from: /web/fundamentals/performance/critical-rendering-path/render-tree-construction
  to: https://web.dev/critical-rendering-path-render-tree-construction/

- from: /web/fundamentals/performance/get-started
  to: https://web.dev/performance-get-started/

- from: /web/fundamentals/performance/get-started/graphicalcontent-4
  to: https://web.dev/performance-get-started-graphicalcontent-4/

- from: /web/fundamentals/performance/get-started/httpcaching-6
  to: https://web.dev/performance-get-started-httpcaching-6/

- from: /web/fundamentals/performance/get-started/httprequests-5
  to: https://web.dev/performance-get-started-httprequests-5/

- from: /web/fundamentals/performance/get-started/measuringperf-2
  to: https://web.dev/how-to-measure-speed/

- from: /web/fundamentals/performance/get-started/textcontent-3
  to: https://web.dev/performance-get-started-textcontent-3/

- from: /web/fundamentals/performance/get-started/wrapup-7
  to: https://web.dev/performance-get-started-wrapup-7/

- from: /web/fundamentals/performance/http2
  to: https://web.dev/performance-http2/

- from: /web/fundamentals/performance/lazy-loading-guidance/images-and-video
  to: https://web.dev/fast/#lazy-load-images-and-video

- from: /web/fundamentals/performance/navigation-and-resource-timing
  to: https://web.dev/navigation-and-resource-timing/

- from: /web/fundamentals/performance/optimizing-content-efficiency
  to: https://web.dev/performance-optimizing-content-efficiency/

- from: /web/fundamentals/performance/optimizing-content-efficiency/automating-image-optimization
  to: https://web.dev/fast/#optimize-your-images

- from: /web/fundamentals/performance/optimizing-content-efficiency/client-hints
  to: https://web.dev/optimizing-content-efficiency-client-hints/

- from: /web/fundamentals/performance/optimizing-content-efficiency/eliminate-downloads
  to: https://web.dev/optimizing-content-efficiency-eliminate-downloads/

- from: /web/fundamentals/performance/optimizing-content-efficiency/http-caching
  to: https://web.dev/http-cache/

- from: /web/fundamentals/performance/optimizing-content-efficiency/image-optimization
  to: https://web.dev/fast/#optimize-your-images

- from: /web/fundamentals/performance/optimizing-content-efficiency/javascript-startup-optimization
  to: https://web.dev/optimizing-content-efficiency-javascript-startup-optimization/

- from: /web/fundamentals/performance/optimizing-content-efficiency/loading-third-party-javascript
  to: https://web.dev/optimizing-content-efficiency-loading-third-party-javascript/

- from: /web/fundamentals/performance/optimizing-content-efficiency/optimize-encoding-and-transfer
  to: https://web.dev/optimizing-content-efficiency-optimize-encoding-and-transfer/

- from: /web/fundamentals/performance/optimizing-content-efficiency/replace-animated-gifs-with-video
  to: https://web.dev/replace-gifs-with-videos/

- from: /web/fundamentals/performance/optimizing-content-efficiency/save-data
  to: https://web.dev/optimizing-content-efficiency-save-data/

- from: /web/fundamentals/performance/optimizing-content-efficiency/webfont-optimization
  to: https://web.dev/fast/#optimize-webfonts

- from: /web/fundamentals/performance/optimizing-javascript/code-splitting
  to: https://web.dev/reduce-javascript-payloads-with-code-splitting/

- from: /web/fundamentals/performance/optimizing-javascript/tree-shaking
  to: https://web.dev/reduce-javascript-payloads-with-tree-shaking/

- from: /web/fundamentals/performance/poor-connectivity
  to: https://web.dev/performance-poor-connectivity/

- from: /web/fundamentals/performance/prpl-pattern
  to: https://web.dev/apply-instant-loading-with-prpl/

- from: /web/fundamentals/performance/rail
  to: https://web.dev/rail/

- from: /web/fundamentals/performance/rendering
  to: https://web.dev/rendering-performance/

- from: /web/fundamentals/performance/rendering/avoid-large-complex-layouts-and-layout-thrashing
  to: https://web.dev/avoid-large-complex-layouts-and-layout-thrashing/

- from: /web/fundamentals/performance/rendering/debounce-your-input-handlers
  to: https://web.dev/debounce-your-input-handlers/

- from: /web/fundamentals/performance/rendering/optimize-javascript-execution
  to: https://web.dev/optimize-javascript-execution/

- from: /web/fundamentals/performance/rendering/reduce-the-scope-and-complexity-of-style-calculations
  to: https://web.dev/reduce-the-scope-and-complexity-of-style-calculations/

- from: /web/fundamentals/performance/rendering/simplify-paint-complexity-and-reduce-paint-areas
  to: https://web.dev/simplify-paint-complexity-and-reduce-paint-areas/

- from: /web/fundamentals/performance/rendering/stick-to-compositor-only-properties-and-manage-layer-count
  to: https://web.dev/stick-to-compositor-only-properties-and-manage-layer-count/

- from: /web/fundamentals/performance/resource-prioritization
  to: https://web.dev/fast/#prioritize-resources

- from: /web/fundamentals/performance/speed-tools
  to: https://web.dev/speed-tools/

- from: /web/fundamentals/performance/user-centric-performance-metrics
  to: https://web.dev/user-centric-performance-metrics/

- from: /web/fundamentals/performance/webpack
  to: https://web.dev/webpack/

- from: /web/fundamentals/performance/webpack/conclusion
  to: https://web.dev/webpack-conclusion/

- from: /web/fundamentals/performance/webpack/decrease-frontend-size
  to: https://web.dev/decrease-frontend-size/

- from: /web/fundamentals/performance/webpack/monitor-and-analyze
  to: https://web.dev/monitor-and-analyze/

- from: /web/fundamentals/performance/webpack/use-long-term-caching
  to: https://web.dev/use-long-term-caching/

- from: /web/fundamentals/performance/why-performance-matters
  to: https://web.dev/why-speed-matters/

- from: /web/fundamentals/primers/async-functions
  to: https://web.dev/javascript-async-functions/

- from: /web/fundamentals/primers/customelements/
  to: https://developer.mozilla.org/en-US/docs/Web/Web_Components

- from: /web/fundamentals/primers/payment-request/...
  to: https://web.dev/payments/

- from: /web/fundamentals/primers/promises
  to: https://web.dev/promises/

- from: /web/fundamentals/primers/push-notifications/
  to: https://web.dev/notifications/

- from: /web/fundamentals/primers/service-worker
  to: https://developer.chrome.com/docs/workbox/service-worker-overview/

- from: /web/fundamentals/primers/service-worker/
  to: https://developer.chrome.com/docs/workbox/service-worker-overview/

- from: /web/fundamentals/primers/service-worker/update-a-service-worker
  to: https://developer.chrome.com/docs/workbox/service-worker-lifecycle/#handling-service-worker-updates

- from: /web/fundamentals/primers/service-workers
  to: https://developer.chrome.com/docs/workbox/service-worker-overview/

- from: /web/fundamentals/primers/service-workers/high-performance-loading
  to: https://developer.chrome.com/docs/workbox/caching-strategies-overview/

- from: /web/fundamentals/primers/service-workers/lifecycle
  to: https://web.dev/service-worker-lifecycle/

- from: /web/fundamentals/primers/service-workers/registration
  to: https://web.dev/service-workers-registration/

- from: /web/fundamentals/primers/shadowdom
  to: https://web.dev/shadowdom-v1/

- from: /web/fundamentals/primers/shadowdom/
  to: https://web.dev/shadowdom-v1/

- from: /web/fundamentals/push-notifications
  to: https://web.dev/notifications/

- from: /web/fundamentals/push-notifications/common-notification-patterns
  to: https://web.dev/push-notifications-common-notification-patterns/

- from: /web/fundamentals/push-notifications/display-a-notification
  to: https://web.dev/push-notifications-display-a-notification/

- from: /web/fundamentals/push-notifications/faq
  to: https://web.dev/push-notifications-faq/

- from: /web/fundamentals/push-notifications/good-notification
  to: https://web.dev/push-notifications-common-notification-patterns/

- from: /web/fundamentals/push-notifications/handling-messages
  to: https://web.dev/push-notifications-handling-messages/

- from: /web/fundamentals/push-notifications/how-push-works
  to: https://web.dev/push-notifications-how-push-works/

- from: /web/fundamentals/push-notifications/notification-behaviour
  to: https://web.dev/push-notifications-notification-behaviour/

- from: /web/fundamentals/push-notifications/permission-ux
  to: https://web.dev/push-notifications-permissions-ux/

- from: /web/fundamentals/push-notifications/sending-messages-with-web-push-libraries
  to: https://web.dev/sending-messages-with-web-push-libraries/

- from: /web/fundamentals/push-notifications/subscribing-a-user
  to: https://web.dev/push-notifications-subscribing-a-user/

- from: /web/fundamentals/push-notifications/video
  to: https://web.dev/push-notifications-video/

- from: /web/fundamentals/push-notifications/web-push-protocol
  to: https://web.dev/push-notifications-web-push-protocol/

- from: /web/fundamentals/security
  to: https://web.dev/security/

- from: /web/fundamentals/security/credential-management
  to: https://web.dev/security-credential-management/

- from: /web/fundamentals/security/credential-management/retrieve-credentials
  to: https://web.dev/security-credential-management-retrieve-credentials/

- from: /web/fundamentals/security/credential-management/save-forms
  to: https://web.dev/security-credential-management-save-forms/

- from: /web/fundamentals/security/credential-management/store-credentials
  to: https://web.dev/security-credential-management-save-forms/

- from: /web/fundamentals/security/csp
  to: https://web.dev/csp/

- from: /web/fundamentals/security/encrypt-in-transit/
  to: https://web.dev/why-https-matters/

- from: /web/fundamentals/security/encrypt-in-transit/enable-https
  to: https://web.dev/enabling-https-on-your-servers/

- from: /web/fundamentals/security/encrypt-in-transit/intro-to-security-terminology
  to: https://web.dev/intro-to-security-terminology/

- from: /web/fundamentals/security/encrypt-in-transit/why-https
  to: https://web.dev/why-https-matters/

- from: /web/fundamentals/security/hacked
  to: https://web.dev/hacked/

- from: /web/fundamentals/security/hacked/clean_site
  to: https://web.dev/clean-and-maintain-your-site/

- from: /web/fundamentals/security/hacked/docs/...
  to: https://web.dev/hacked/

- from: /web/fundamentals/security/hacked/FAQs_for_hacked_sites
  to: https://web.dev/faq-for-hacked-sites/

- from: /web/fundamentals/security/hacked/fixing_the_cloaked_keywords_hack
  to: https://web.dev/fixing-the-cloaked-keywords-hack/

- from: /web/fundamentals/security/hacked/fixing_the_gibberish_hack
  to: https://web.dev/fixing-the-gibberish-hack/

- from: /web/fundamentals/security/hacked/fixing_the_japanese_keyword_hack
  to: https://web.dev/fixing-the-japanese-keyword-hack/

- from: /web/fundamentals/security/hacked/glossary_for_hacked_sites
  to: https://web.dev/glossary-for-hacked-sites/

- from: /web/fundamentals/security/hacked/hacked_with_malware
  to: https://web.dev/hacked-with-malware/

- from: /web/fundamentals/security/hacked/hacked_with_spam
  to: https://web.dev/assess-spam-damage/

- from: /web/fundamentals/security/hacked/how_do_I_know_if_site_hacked
  to: https://web.dev/how-do-i-know-if-my-site-was-hacked/

- from: /web/fundamentals/security/hacked/quarantine_site
  to: https://web.dev/quarantine-your-site/

- from: /web/fundamentals/security/hacked/request_review
  to: https://web.dev/request-a-review/

- from: /web/fundamentals/security/hacked/support_team
  to: https://web.dev/build-a-support-team/

- from: /web/fundamentals/security/hacked/top_ways_websites_get_hacked_by_spammers
  to: https://web.dev/top-ways-sites-get-hacked-by-spammers/

- from: /web/fundamentals/security/hacked/use_search_console
  to: https://web.dev/use-search-console/

- from: /web/fundamentals/security/hacked/vulnerability
  to: https://web.dev/identify-the-vulnerability/

- from: /web/fundamentals/security/hacked/...
  to: https://web.dev/hacked/

- from: /web/fundamentals/security/prevent-mixed-content/
  to: https://web.dev/what-is-mixed-content/

- from: /web/fundamentals/security/prevent-mixed-content/fixing-mixed-content
  to: https://web.dev/fixing-mixed-content/

- from: /web/fundamentals/security/prevent-mixed-content/what-is-mixed-content
  to: https://web.dev/what-is-mixed-content/

- from: /web/fundamentals/security/...
  to: https://web.dev/security/

- from: /web/fundamentals/user-input/form-input/
  to: https://web.dev/learn/forms/

- from: /web/fundamentals/vr
  to: https://developer.chrome.com/blog/ar-for-the-web/

- from: /web/fundamentals/vr/...
  to: https://developer.chrome.com/blog/ar-for-the-web/

- from: /web/fundamentals/web-app-manifest/...
  to: https://web.dev/add-manifest/

- from: /web/fundamentals/web-components
  to: https://web.dev/web-components/

- from: /web/fundamentals/web-components/best-practices
  to: https://web.dev/custom-elements-best-practices/

- from: /web/fundamentals/web-components/customelements
  to: https://web.dev/custom-elements-v1/

- from: /web/fundamentals/web-components/examples
  to: https://web.dev/components-examples-overview/

- from: /web/fundamentals/web-components/examples/howto-checkbox
  to: https://web.dev/components-howto-checkbox/

- from: /web/fundamentals/web-components/examples/howto-tabs
  to: https://web.dev/components-howto-tabs/

- from: /web/fundamentals/web-components/examples/howto-tooltip
  to: https://web.dev/components-howto-tooltip/

- from: /web/fundamentals/web-components/shadowdom
  to: https://web.dev/shadowdom-v1/

- from: /web/fundamentals/webvr/...
  to:  https://developer.chrome.com/blog/ar-for-the-web/

- from: /web/fundamentals/feed.xml
  to: https://web.dev/feed.xml

# Generic redirect. If it wasn't specified above, and there is no matching
# path within this folder, redirect to the URL specified.
- from: /web/fundamentals/...
  to: https://web.dev/
