redirects:

- from: /web/fundamentals/device-access/click-to-call/...
  to: /web/fundamentals/native-hardware/click-to-call/

- from: /web/fundamentals/device-access/device-orientation/...
  to: /web/fundamentals/native-hardware/device-orientation/

- from: /web/fundamentals/device-access/stickyness/
  to: /web/fundamentals/design-and-ui/browser-customization/

- from: /web/fundamentals/device-access/stickyness/specify-an-icon
  to: /web/fundamentals/design-and-ui/browser-customization/great-icons

- from: /web/fundamentals/device-access/user-location/...
  to: /web/fundamentals/native-hardware/user-location/...

- from: /web/fundamentals/device-access/stickyness/use-a-custom-title
  to: /web/fundamentals/design-and-ui/browser-customization/great-icons

- from: /web/fundamentals/device-access/stickyness/web-app-manifest
  to: /web/fundamentals/engage-and-retain/simplified-app-installs/

- from: /web/fundamentals/device-access/stickyness/...
  to: /web/fundamentals/design-and-ui/browser-customization/

- from: /web/fundamentals/device-access/...
  to: /web/fundamentals/native-hardware/

- from: /web/fundamentals/discovery-and-distribution/avoid-mixed-content/...
  to: /web/fundamentals/security/prevent-mixed-content/...

- from: /web/fundamentals/discovery-and-distribution/enriching-semantics/...
  to: /web/fundamentals/discovery-and-monetization/

- from: /web/fundamentals/discovery-and-distribution/optimizations-for-crawlers/control-crawling-and-indexing
  to: /web/fundamentals/discovery-and-monetization/search-optimization/control-crawling-and-indexing

- from: /web/fundamentals/discovery-and-distribution/optimizations-for-crawlers/
  to: /web/fundamentals/discovery-and-monetization/search-optimization/

- from: /web/fundamentals/discovery-and-distribution/optimizations-for-crawlers/social-sites
  to: /web/fundamentals/discovery-and-monetization/social-discovery/

- from: /web/fundamentals/discovery-and-distribution/optimizations-for-crawlers/url-structure
  to: /web/fundamentals/discovery-and-monetization/search-optimization/url-structure

- from: /web/fundamentals/discovery-and-distribution/security-with-https/...
  to: /web/fundamentals/security/encrypt-in-transit/...

- from: /web/fundamentals/discovery-and-distribution/...
  to: /web/fundamentals/discovery-and-monetization/

- from: /web/fundamentals/input/...
  to: /web/fundamentals/design-and-ui/input/...

- from: /web/fundamentals/layouts/navigation-patterns/...
  to: /web/fundamentals/design-and-ui/responsive/

- from: /web/fundamentals/layouts/principles/...
  to: /web/fundamentals/getting-started/principles/

- from: /web/fundamentals/layouts/rwd-fundamentals/...
  to: /web/fundamentals/design-and-ui/responsive/fundamentals/...

- from: /web/fundamentals/layouts/rwd-patterns/...
  to: /web/fundamentals/design-and-ui/responsive/patterns/...

- from: /web/fundamentals/layouts/...
  to: /web/fundamentals/design-and-ui/responsive/

- from: /web/fundamentals/look-and-feel/animations/...
  to: /web/fundamentals/design-and-ui/animations/...

- from: /web/fundamentals/look-and-feel/
  to: /web/fundamentals/design-and-ui/

- from: /web/fundamentals/media/audio/
  to: /web/fundamentals/design-and-ui/media/

- from: /web/fundamentals/media/images/...
  to: /web/fundamentals/design-and-ui/media/images/

- from: /web/fundamentals/media/video/...
  to: /web/fundamentals/design-and-ui/media/video/...

- from: /web/fundamentals/media/...
  to: /web/fundamentals/design-and-ui/media/

- from: /web/fundamentals/monetization/ads/...
  to: /web/fundamentals/discovery-and-monetization/monetization-with-ads/...

- from: /web/fundamentals/monetization/
  to: /web/fundamentals/discovery-and-monetization/

- from: /web/fundamentals/monetization/principles/...
  to: /web/fundamentals/getting-started/principles/

- from: /web/fundamentals/performance/measuring-performance/
  to: /web/fundamentals/performance/

- from: /web/fundamentals/performance/optimizing-interactivity/
  to: /web/fundamentals/performance/

- from: /web/fundamentals/performance/optimizing-networking/
  to: /web/fundamentals/performance/

- from: /web/fundamentals/principles/...
  to: /web/fundamentals/getting-started/principles/
